class,x1,y1,x2,y2,x3,y3,x4,y4
0,768.0,689.7937285302241,569.645177544862,768.0,671.0973085452745,768.0,768.0,729.7937285302241
1,128.6319755646456,643.9970929825934,88.63197556464559,643.9970929825934,88.63197556464559,683.9970929825934,128.6319755646456,683.9970929825934
1,650.1453093548055,332.65396605140364,610.1453093548055,332.65396605140364,610.1453093548055,372.65396605140364,650.1453093548055,372.65396605140364
2,554.0,257.0,534.0,257.0,534.0,277.0,554.0,277.0
