class,x1,y1,x2,y2,x3,y3,x4,y4
0,86.39826881110162,768.0,0.0,683.4153209181729,0.0,644.254962616661,126.39826881110162,768.0
1,572.9870313358197,189.60109891633522,572.9870313358197,149.60109891633522,612.9870313358197,149.60109891633522,612.9870313358197,189.60109891633522
1,703.9955988277464,456.0675577689705,703.9955988277464,416.0675577689705,743.9955988277464,416.0675577689705,743.9955988277464,456.0675577689706
1,632.8310535564366,443.43279506338587,632.8310535564366,403.43279506338587,672.8310535564366,403.43279506338587,672.8310535564366,443.43279506338587
1,248.18470884010256,94.50768235619114,248.18470884010256,54.50768235619114,288.18470884010253,54.50768235619114,288.18470884010253,94.50768235619114
1,449.15150017930483,517.017080895568,449.15150017930483,477.01708089556803,489.15150017930483,477.01708089556803,489.15150017930483,517.017080895568
1,64.56114763193585,194.85481860735487,64.56114763193585,154.85481860735487,104.56114763193585,154.85481860735487,104.56114763193585,194.85481860735487
1,35.76807106928379,194.80846153115849,35.76807106928379,154.80846153115849,75.76807106928379,154.80846153115849,75.76807106928379,194.80846153115849
1,-16.101205354702813,562.9978772441245,-16.101205354702813,522.9978772441245,23.898794645297187,522.9978772441245,23.898794645297187,562.9978772441245
