class,x1,y1,x2,y2,x3,y3,x4,y4
0,-0.0,566.5789073740395,397.8460201431218,0.0,425.93361853163543,0.0,-0.0,606.5789073740395
1,36.61144918085576,622.9022905196775,76.61144918085576,622.9022905196775,76.61144918085576,662.9022905196775,36.61144918085576,662.9022905196775
2,43.0,129.0,63.0,129.0,63.0,149.0,43.0,149.0
2,97.0,508.0,117.0,508.0,117.0,528.0,97.0,528.0
2,262.0,722.0,282.0,722.0,282.0,742.0,262.0,742.0
2,615.0,117.0,635.0,117.0,635.0,137.0,615.0,137.0
2,463.0,401.0,483.0,401.0,483.0,421.0,463.0,421.0
2,208.0,417.0,228.0,417.0,228.0,437.0,208.0,437.0
2,303.0,386.0,323.0,386.0,323.0,406.0,303.0,406.0
