class,x1,y1,x2,y2,x3,y3,x4,y4
0,77.02213016386014,768.0,0.0,448.9901602475758,0.0,283.31837782673176,117.02213016386014,768.0
2,241.0,396.0,241.0,376.0,261.0,376.0,261.0,396.0
2,437.0,699.0,437.0,679.0,457.0,679.0,457.0,699.0
2,685.0,22.0,685.0,2.0,705.0,2.0,705.0,22.0
2,164.0,167.0,164.00000000000003,147.0,184.00000000000003,147.0,184.0,167.0
2,153.0,458.0,153.0,438.0,173.0,438.0,173.0,458.0
2,407.0,665.0,407.0,645.0,427.0,645.0,427.0,665.0
2,1.0,515.0,1.0,495.0,21.0,495.0,21.0,515.0
