class,x1,y1,x2,y2,x3,y3,x4,y4
0,77.02213016386014,0.0,0.0,319.0098397524242,0.0,484.68162217326824,117.02213016386014,0.0
2,241.0,372.0,241.0,392.0,261.0,392.0,261.0,372.0
2,437.0,69.0,437.0,89.0,457.0,89.0,457.0,69.0
2,685.0,746.0,685.0,766.0,705.0,766.0,705.0,746.0
2,164.0,601.0,164.00000000000003,621.0,184.00000000000003,621.0,184.0,601.0
2,153.0,310.0,153.0,330.0,173.0,330.0,173.0,310.0
2,407.0,103.0,407.0,123.0,427.0,123.0,427.0,103.0
2,1.0,253.0,1.0,273.0,21.0,273.0,21.0,253.0
