class,x1,y1,x2,y2,x3,y3,x4,y4
0,768.0,177.291341645545,758.8429512105023,0.0,760.9089401537876,0.0,768.0,137.291341645545
1,599.8536548820202,714.5647405329735,559.8536548820202,714.5647405329735,559.8536548820202,674.5647405329735,599.8536548820202,674.5647405329735
1,211.74059548136267,173.65968252834807,171.74059548136267,173.65968252834807,171.74059548136267,133.65968252834807,211.74059548136267,133.65968252834807
1,97.71185540021247,660.8739873708719,57.71185540021247,660.8739873708719,57.71185540021247,620.8739873708719,97.71185540021247,620.8739873708719
