class,x1,y1,x2,y2,x3,y3,x4,y4
0,0.0,590.7086583544549,9.157048789497594,768.0,7.091059846212374,768.0,0.0,630.7086583544549
1,168.14634511797976,53.435259467026526,208.14634511797976,53.435259467026526,208.14634511797976,93.43525946702653,168.14634511797976,93.43525946702653
1,556.2594045186373,594.3403174716519,596.2594045186373,594.3403174716519,596.2594045186373,634.3403174716519,556.2594045186373,634.3403174716519
1,670.2881445997875,107.12601262912813,710.2881445997875,107.12601262912813,710.2881445997875,147.12601262912813,670.2881445997875,147.12601262912813
