class,x1,y1,x2,y2,x3,y3,x4,y4
0,0.0,201.42109262596045,397.8460201431218,768.0,425.93361853163543,768.0,0.0,161.42109262596045
1,36.61144918085574,145.09770948032246,76.61144918085574,145.09770948032246,76.61144918085574,105.09770948032246,36.61144918085574,105.09770948032246
2,43.0,639.0,63.0,639.0,63.0,619.0,43.0,619.0
2,97.0,260.0,117.0,260.0,117.0,240.0,97.0,240.0
2,262.0,46.0,282.0,46.0,282.0,26.0,262.0,26.0
2,615.0,651.0,635.0,651.0,635.0,631.0,615.0,631.0
2,463.0,367.0,483.0,367.0,483.0,347.0,463.0,347.0
2,208.0,351.0,228.0,351.0,228.0,331.0,208.0,331.0
2,303.0,382.0,323.0,382.0,323.0,362.0,303.0,362.0
