class,x1,y1,x2,y2,x3,y3,x4,y4
0,201.4210926259605,-5.684341886080802e-14,768.0,397.84602014312185,768.0,425.9336185316355,161.4210926259605,-5.684341886080802e-14
1,145.09770948032252,36.611449180855686,145.09770948032252,76.61144918085569,105.09770948032252,76.61144918085569,105.09770948032252,36.611449180855686
2,639.0,43.00000000000006,639.0,63.00000000000006,619.0,63.00000000000006,619.0,43.00000000000006
2,260.00000000000006,97.0,260.00000000000006,117.0,240.00000000000006,117.0,240.00000000000006,97.0
2,46.0,261.99999999999994,46.0,281.99999999999994,26.0,281.99999999999994,26.0,261.99999999999994
2,651.0,615.0,651.0,635.0,631.0,635.0,631.0,615.0
2,367.0,463.0,367.0,483.0,347.0,483.0,347.0,463.0
2,351.00000000000006,208.0,351.0,228.0,331.0,228.0,331.00000000000006,208.0
2,382.0,303.0,382.0,323.0,362.0,323.0,362.0,303.0
