class,x1,y1,x2,y2,x3,y3,x4,y4
0,0.0,483.82726967499696,638.8121436418602,0.0,585.9989035720336,0.0,0.0,443.82726967499696
2,343.0,404.0,363.0,404.0,363.0,384.0,343.0,384.0
2,551.0,248.0,571.0,248.0,571.0,228.0,551.0,228.0
2,730.0,87.0,750.0,87.0,750.0,67.0,730.0,67.0
