class,x1,y1,x2,y2,x3,y3,x4,y4
0,0.0,23.43145041418893,68.89996550579463,0.0,186.51959943860766,0.0,0.0,63.43145041418893
1,254.57029070591784,42.52131342007306,294.5702907059179,42.52131342007306,294.5702907059179,82.52131342007306,254.57029070591784,82.52131342007306
1,160.84245791376782,328.0836438356364,200.84245791376782,328.08364383563645,200.84245791376782,368.08364383563645,160.84245791376782,368.08364383563645
1,44.30108975549206,726.9982507607965,84.30108975549206,726.9982507607965,84.30108975549206,766.9982507607965,44.30108975549206,766.9982507607965
