class,x1,y1,x2,y2,x3,y3,x4,y4
0,0.0,177.29134164554506,9.157048789497594,5.684341886080802e-14,7.091059846212374,5.684341886080802e-14,0.0,137.29134164554506
1,168.14634511797976,714.5647405329735,208.14634511797976,714.5647405329735,208.14634511797976,674.5647405329735,168.14634511797976,674.5647405329735
1,556.2594045186373,173.65968252834804,596.2594045186373,173.65968252834804,596.2594045186373,133.65968252834804,556.2594045186373,133.65968252834804
1,670.2881445997875,660.8739873708719,710.2881445997875,660.8739873708719,710.2881445997875,620.8739873708719,670.2881445997875,620.8739873708719
