class,x1,y1,x2,y2,x3,y3,x4,y4
0,23.431450414189044,0.0,0.0,68.89996550579451,0.0,186.51959943860766,63.431450414189044,0.0
1,42.52131342007311,254.57029070591784,42.52131342007311,294.57029070591784,82.52131342007311,294.57029070591784,82.52131342007311,254.57029070591784
1,328.08364383563645,160.84245791376782,328.08364383563645,200.84245791376782,368.08364383563645,200.84245791376782,368.08364383563645,160.84245791376782
1,726.9982507607965,44.30108975549206,726.9982507607965,84.30108975549206,766.9982507607965,84.30108975549206,766.9982507607965,44.30108975549206
