class,x1,y1,x2,y2,x3,y3,x4,y4
0,177.291341645545,0.0,0.0,9.157048789497708,0.0,7.091059846212374,137.291341645545,0.0
1,714.5647405329735,168.14634511797976,714.5647405329735,208.14634511797976,674.5647405329735,208.14634511797976,674.5647405329735,168.14634511797976
1,173.65968252834807,556.2594045186373,173.65968252834807,596.2594045186373,133.65968252834807,596.2594045186373,133.65968252834807,556.2594045186373
1,660.8739873708719,670.2881445997875,660.8739873708719,710.2881445997875,620.8739873708719,710.2881445997875,620.8739873708719,670.2881445997875
