class,x1,y1,x2,y2,x3,y3,x4,y4
0,566.5789073740395,768.0,0.0,370.15397985687815,0.0,342.0663814683645,606.5789073740395,768.0
1,622.9022905196775,731.3885508191443,622.9022905196775,691.3885508191443,662.9022905196775,691.3885508191443,662.9022905196775,731.3885508191443
2,129.0,725.0,129.0,705.0,149.0,705.0,149.0,725.0
2,507.99999999999994,671.0,507.99999999999994,651.0,528.0,651.0,528.0,671.0
2,722.0,506.00000000000006,722.0,486.00000000000006,742.0,486.00000000000006,742.0,506.00000000000006
2,117.0,153.0,117.0,133.0,137.0,133.0,137.0,153.0
2,401.0,305.0,401.0,285.0,421.0,285.0,421.0,305.0
2,416.99999999999994,560.0,417.0,540.0,437.0,540.0,436.99999999999994,560.0
2,386.0,465.0,386.0,445.0,406.0,445.0,406.0,465.0
