class,x1,y1,x2,y2,x3,y3,x4,y4
0,768.0,86.39826881110162,683.4153209181729,0.0,644.254962616661,0.0,768.0,126.39826881110162
1,189.60109891633525,572.9870313358197,149.60109891633525,572.9870313358197,149.60109891633525,612.9870313358197,189.60109891633525,612.9870313358197
1,456.0675577689706,703.9955988277464,416.0675577689706,703.9955988277464,416.0675577689706,743.9955988277464,456.0675577689706,743.9955988277464
1,443.4327950633859,632.8310535564366,403.4327950633859,632.8310535564366,403.4327950633859,672.8310535564366,443.4327950633859,672.8310535564366
1,94.50768235619114,248.18470884010253,54.50768235619114,248.18470884010253,54.50768235619114,288.1847088401026,94.50768235619114,288.18470884010253
1,517.017080895568,449.15150017930483,477.01708089556803,449.15150017930483,477.01708089556803,489.15150017930483,517.017080895568,489.15150017930483
1,194.85481860735487,64.56114763193591,154.85481860735487,64.56114763193591,154.85481860735487,104.56114763193591,194.85481860735487,104.56114763193591
1,194.80846153115846,35.76807106928379,154.80846153115846,35.76807106928379,154.80846153115849,75.76807106928379,194.80846153115849,75.76807106928379
1,562.9978772441245,-16.10120535470287,522.9978772441245,-16.10120535470287,522.9978772441245,23.89879464529713,562.9978772441245,23.89879464529713
