class,x1,y1,x2,y2,x3,y3,x4,y4
0,566.5789073740395,0.0,0.0,397.8460201431218,0.0,425.93361853163543,606.5789073740395,0.0
1,622.9022905196775,36.61144918085574,622.9022905196775,76.61144918085574,662.9022905196775,76.61144918085574,662.9022905196775,36.61144918085574
2,128.99999999999997,43.0,128.99999999999997,63.0,148.99999999999997,63.0,148.99999999999997,43.0
2,508.0,97.0,508.0,117.0,528.0,117.0,528.0,97.0
2,722.0,262.0,722.0,282.0,742.0,282.0,742.0,262.0
2,117.0,615.0,117.0,635.0,137.00000000000003,635.0,137.0,615.0
2,401.0,463.0,401.0,483.0,421.0,483.0,421.0,463.0
2,417.0,208.0,417.0,228.0,437.0,228.0,437.0,208.0
2,386.0,303.0,386.0,323.0,406.0,323.0,406.0,303.0
