class,x1,y1,x2,y2,x3,y3,x4,y4
0,0.0,690.9778698361399,319.00983975242417,768.0,484.68162217326824,768.0,0.0,650.9778698361399
2,372.0,527.0,392.0,527.0,392.0,507.0,372.0,507.0
2,69.0,331.0,89.0,331.0,89.0,311.0,69.0,311.0
2,746.0,83.0,766.0,83.0,766.0,63.0,746.0,63.0
2,601.0,604.0,621.0,604.0,621.0,584.0,601.0,584.0
2,310.0,615.0,330.0,615.0,330.0,595.0,310.0,595.0
2,103.0,361.0,123.0,361.0,123.0,341.0,103.0,341.0
2,253.0,767.0,273.0,767.0,273.0,747.0,253.0,747.0
