class,x1,y1,x2,y2,x3,y3,x4,y4
0,483.827269674997,768.0,-5.684341886080802e-14,129.18785635813992,-5.684341886080802e-14,182.00109642796656,443.827269674997,768.0
2,404.0,425.0,404.0,405.0,384.0,405.0,384.0,425.0
2,247.99999999999997,217.0,247.99999999999997,197.0,227.99999999999997,197.0,227.99999999999997,217.0
2,86.99999999999994,38.0,86.99999999999994,18.0,66.99999999999994,18.0,66.99999999999994,38.0
