class,x1,y1,x2,y2,x3,y3,x4,y4
0,689.7937285302241,768.0,768.0,569.6451775448621,768.0,671.0973085452745,729.7937285302241,768.0
1,643.9970929825934,128.6319755646457,643.9970929825934,88.6319755646457,683.9970929825934,88.6319755646457,683.9970929825934,128.6319755646457
1,332.6539660514036,650.1453093548055,332.6539660514036,610.1453093548055,372.6539660514036,610.1453093548055,372.6539660514036,650.1453093548055
2,257.0,554.0,257.0,534.0,277.0,534.0,277.0,554.0
