class,x1,y1,x2,y2,x3,y3,x4,y4
0,483.82726967499696,768.0,0.0,129.18785635813984,0.0,182.00109642796647,443.82726967499696,768.0
2,404.0,425.0,404.0,405.0,384.0,405.0,384.0,425.0
2,248.0,217.0,248.0,197.0,228.0,197.0,228.0,217.0
2,87.0,38.0,87.0,18.0,67.0,18.0,67.0,38.0
