class,x1,y1,x2,y2,x3,y3,x4,y4
0,0.0,744.5685495858111,68.89996550579463,768.0,186.51959943860766,768.0,0.0,704.5685495858111
1,254.57029070591784,725.478686579927,294.5702907059179,725.478686579927,294.5702907059179,685.478686579927,254.57029070591784,685.478686579927
1,160.84245791376782,439.9163561643636,200.84245791376782,439.91635616436355,200.84245791376782,399.91635616436355,160.84245791376782,399.91635616436355
1,44.30108975549206,41.00174923920355,84.30108975549206,41.00174923920355,84.30108975549206,1.0017492392035479,44.30108975549206,1.0017492392035479
