class,x1,y1,x2,y2,x3,y3,x4,y4
0,0.0,689.7937285302241,198.35482245513788,768.0,96.90269145472553,768.0,0.0,729.7937285302241
1,639.3680244353544,643.9970929825934,679.3680244353543,643.9970929825934,679.3680244353543,683.9970929825934,639.3680244353544,683.9970929825934
1,117.85469064519452,332.6539660514036,157.85469064519452,332.6539660514036,157.85469064519452,372.6539660514036,117.85469064519452,372.6539660514036
2,214.0,257.0,234.0,257.0,234.0,277.0,214.0,277.0
