class,x1,y1,x2,y2,x3,y3,x4,y4
0,0.0,284.172730325003,638.8121436418601,768.0,585.9989035720334,768.0,0.0,324.172730325003
2,343.0,364.0,363.0,364.0,363.0,384.0,343.0,384.0
2,551.0,520.0,571.0,520.0,571.0,540.0,551.0,540.0
2,730.0,681.0,750.0,681.0,750.0,701.0,730.0,701.0
