class,x1,y1,x2,y2,x3,y3,x4,y4
0,201.42109262596045,768.0,768.0,370.1539798568782,768.0,342.06638146836457,161.42109262596045,768.0
1,145.09770948032246,731.3885508191443,145.09770948032246,691.3885508191443,105.09770948032246,691.3885508191443,105.09770948032246,731.3885508191443
2,639.0,725.0,639.0,705.0,619.0,705.0,619.0,725.0
2,260.0,671.0,260.0,651.0,240.0,651.0,240.0,671.0
2,46.0,506.0,46.0,486.0,26.0,486.0,26.0,506.0
2,651.0,152.99999999999997,651.0,132.99999999999997,631.0,132.99999999999997,631.0,152.99999999999997
2,367.0,305.0,367.0,285.0,347.0,285.0,347.0,305.0
2,351.0,560.0,351.0,540.0,331.0,540.0,331.0,560.0
2,382.0,465.0,382.0,445.0,362.0,445.0,362.0,465.0
