class,x1,y1,x2,y2,x3,y3,x4,y4
0,483.827269674997,0.0,-5.684341886080802e-14,638.8121436418601,-5.684341886080802e-14,585.9989035720334,443.827269674997,0.0
2,404.0,343.0,404.0,363.0,384.0,363.0,384.0,343.0
2,247.99999999999997,551.0,247.99999999999997,571.0,227.99999999999997,571.0,227.99999999999997,551.0
2,86.99999999999994,730.0,86.99999999999994,750.0,66.99999999999994,750.0,66.99999999999994,730.0
