class,x1,y1,x2,y2,x3,y3,x4,y4
0,-0.0,77.02213016386014,319.00983975242417,0.0,484.68162217326824,0.0,-0.0,117.02213016386014
2,372.0,241.0,392.0,241.0,392.0,261.0,372.0,261.0
2,69.0,437.0,89.0,437.0,89.0,457.0,69.0,457.0
2,746.0,685.0,766.0,685.0,766.0,705.0,746.0,705.0
2,601.0,164.0,621.0,164.0,621.0,184.0,601.0,184.0
2,310.0,153.0,330.0,153.0,330.0,173.0,310.0,173.0
2,103.0,407.0,123.0,407.0,123.0,427.0,103.0,427.0
2,253.0,1.0,273.0,1.0,273.0,21.0,253.0,21.0
