class,x1,y1,x2,y2,x3,y3,x4,y4
0,690.9778698361399,5.684341886080802e-14,768.0,319.0098397524242,768.0,484.6816221732683,650.9778698361399,5.684341886080802e-14
2,527.0,372.0,527.0,392.0,507.0,392.0,507.0,372.0
2,331.00000000000006,69.0,331.00000000000006,89.0,311.00000000000006,89.0,311.00000000000006,69.0
2,82.99999999999994,746.0,82.99999999999994,766.0,62.99999999999994,766.0,62.99999999999994,746.0
2,604.0,601.0,604.0,621.0,584.0,621.0,584.0,601.0
2,615.0,310.00000000000006,615.0,330.00000000000006,595.0,330.00000000000006,595.0,310.00000000000006
2,361.00000000000006,103.0,361.00000000000006,123.0,341.00000000000006,123.0,341.00000000000006,103.0
2,767.0,253.00000000000006,767.0,273.00000000000006,747.0,273.00000000000006,747.0,253.00000000000006
