class,x1,y1,x2,y2,x3,y3,x4,y4
0,690.9778698361399,768.0,768.0,448.9901602475758,768.0,283.31837782673176,650.9778698361399,768.0
2,527.0,396.0,527.0,376.0,507.0,376.0,507.0,396.0
2,331.0,699.0,331.0,679.0,311.0,679.0,311.0,699.0
2,83.0,22.0,83.0,2.0,63.0,2.0,63.0,22.0
2,604.0,167.0,604.0,147.0,584.0,147.0,584.0,167.0
2,615.0,458.0,615.0,438.0,595.0,438.0,595.0,458.0
2,361.0,665.0,361.0,645.0,341.0,645.0,341.0,665.0
2,767.0,515.0,767.0,495.0,747.0,495.0,747.0,515.0
