class,x1,y1,x2,y2,x3,y3,x4,y4
0,86.39826881110162,768.0,0.0,683.4153209181729,0.0,644.254962616661,126.39826881110162,768.0
1,572.9870313358197,189.60109891633522,572.9870313358197,149.60109891633522,612.9870313358197,149.60109891633522,612.9870313358197,189.60109891633522
1,703.9955988277464,456.0675577689706,703.9955988277464,416.0675577689706,743.9955988277464,416.0675577689706,743.9955988277464,456.0675577689706
1,632.8310535564366,443.4327950633859,632.8310535564366,403.4327950633859,672.8310535564366,403.4327950633859,672.8310535564366,443.4327950633859
1,248.18470884010253,94.50768235619114,248.18470884010253,54.50768235619114,288.1847088401026,54.50768235619114,288.1847088401026,94.50768235619114
1,449.1515001793048,517.017080895568,449.15150017930483,477.01708089556803,489.15150017930483,477.01708089556803,489.1515001793048,517.017080895568
1,64.56114763193591,194.8548186073549,64.56114763193591,154.8548186073549,104.56114763193591,154.8548186073549,104.56114763193591,194.8548186073549
1,35.768071069283906,194.8084615311584,35.768071069283906,154.8084615311584,75.7680710692839,154.8084615311584,75.7680710692839,194.8084615311584
1,-16.10120535470287,562.9978772441244,-16.10120535470287,522.9978772441244,23.89879464529713,522.9978772441245,23.89879464529713,562.9978772441245
