class,x1,y1,x2,y2,x3,y3,x4,y4
0,768.0,566.5789073740395,370.1539798568782,0.0,342.06638146836457,0.0,768.0,606.5789073740395
1,731.3885508191443,622.9022905196775,691.3885508191443,622.9022905196775,691.3885508191443,662.9022905196775,731.3885508191443,662.9022905196775
2,725.0,129.0,705.0,129.0,705.0,149.0,725.0,149.0
2,671.0,508.0,651.0,508.0,651.0,528.0,671.0,528.0
2,506.0,722.0,486.0,722.0,486.0,742.0,506.0,742.0
2,153.0,117.0,133.0,117.0,133.0,137.0,153.0,137.0
2,305.0,401.0,285.0,401.0,285.0,421.0,305.0,421.0
2,560.0,417.0,540.0,417.0,540.0,437.0,560.0,437.0
2,465.0,386.0,445.0,386.0,445.0,406.0,465.0,406.0
