class,x1,y1,x2,y2,x3,y3,x4,y4
0,768.0,690.9778698361399,448.9901602475758,768.0,283.3183778267317,768.0,768.0,650.9778698361399
2,396.0,527.0,376.0,527.0,376.0,507.0,396.0,507.0
2,699.0,331.00000000000006,679.0,331.00000000000006,679.0,311.00000000000006,699.0,311.00000000000006
2,22.000000000000057,82.99999999999994,2.000000000000057,82.99999999999994,2.000000000000057,62.99999999999994,22.000000000000057,62.99999999999994
2,166.99999999999997,604.0,146.99999999999997,604.0,146.99999999999997,584.0,166.99999999999997,584.0
2,458.0,615.0,438.0,615.0,438.0,595.0,458.0,595.0
2,665.0,361.00000000000006,645.0,361.00000000000006,645.0,341.0,665.0,341.00000000000006
2,515.0,767.0,494.99999999999994,767.0,494.99999999999994,747.0,515.0,747.0
