class,x1,y1,x2,y2,x3,y3,x4,y4
0,23.431450414189044,768.0,0.0,699.1000344942055,0.0,581.4804005613923,63.431450414189044,768.0
1,42.52131342007311,513.4297092940822,42.52131342007311,473.42970929408216,82.52131342007311,473.42970929408216,82.52131342007311,513.4297092940822
1,328.08364383563645,607.1575420862322,328.08364383563645,567.1575420862322,368.08364383563645,567.1575420862322,368.08364383563645,607.1575420862322
1,726.9982507607965,723.6989102445079,726.9982507607965,683.6989102445079,766.9982507607965,683.6989102445079,766.9982507607965,723.6989102445079
