class,x1,y1,x2,y2,x3,y3,x4,y4
0,768.0,590.708658354455,758.8429512105023,768.0,760.9089401537876,768.0,768.0,630.708658354455
1,599.8536548820202,53.43525946702658,559.8536548820202,53.43525946702658,559.8536548820202,93.43525946702658,599.8536548820202,93.43525946702658
1,211.74059548136267,594.3403174716519,171.74059548136267,594.3403174716519,171.74059548136267,634.3403174716519,211.74059548136267,634.3403174716519
1,97.71185540021247,107.12601262912813,57.71185540021247,107.12601262912813,57.71185540021247,147.1260126291281,97.71185540021247,147.1260126291281
