class,x1,y1,x2,y2,x3,y3,x4,y4
0,768.0,284.17273032500304,129.1878563581398,768.0,182.00109642796644,768.0,768.0,324.17273032500304
2,425.0,364.0,405.0,364.0,405.0,384.0,425.0,384.0
2,217.0,520.0,197.0,520.0,197.0,540.0,217.0,540.0
2,38.0,681.0,18.0,681.0,18.0,701.0,38.0,701.0
