class,x1,y1,x2,y2,x3,y3,x4,y4
0,77.02213016386008,5.684341886080802e-14,0.0,319.0098397524242,0.0,484.6816221732683,117.02213016386008,5.684341886080802e-14
2,241.0,372.0,241.0,392.0,261.0,392.0,261.0,372.0
2,436.99999999999994,69.0,436.99999999999994,89.0,456.99999999999994,89.0,456.99999999999994,69.0
2,685.0,746.0,685.0,766.0,705.0,766.0,705.0,746.0
2,164.0,601.0,164.0,621.0,184.0,621.0,184.0,601.0
2,153.0,310.00000000000006,153.0,330.00000000000006,173.0,330.00000000000006,173.0,310.00000000000006
2,406.99999999999994,103.0,406.99999999999994,123.0,426.99999999999994,123.0,426.99999999999994,103.0
2,1.0,253.00000000000006,1.0,273.00000000000006,21.0,273.00000000000006,21.0,253.00000000000006
