class,x1,y1,x2,y2,x3,y3,x4,y4
0,0.0,86.39826881110162,84.58467908182706,0.0,123.74503738333897,0.0,0.0,126.39826881110162
1,578.3989010836648,572.9870313358197,618.3989010836648,572.9870313358197,618.3989010836648,612.9870313358197,578.3989010836648,612.9870313358197
1,311.9324422310294,703.9955988277464,351.9324422310294,703.9955988277464,351.9324422310294,743.9955988277464,311.9324422310294,743.9955988277464
1,324.5672049366141,632.8310535564366,364.5672049366141,632.8310535564366,364.5672049366141,672.8310535564366,324.5672049366141,672.8310535564366
1,673.4923176438089,248.18470884010253,713.4923176438089,248.18470884010253,713.4923176438089,288.1847088401026,673.4923176438089,288.18470884010253
1,250.98291910443197,449.15150017930483,290.98291910443197,449.15150017930483,290.98291910443197,489.15150017930483,250.98291910443197,489.15150017930483
1,573.1451813926451,64.56114763193591,613.1451813926451,64.56114763193591,613.1451813926451,104.56114763193591,573.1451813926451,104.56114763193591
1,573.1915384688416,35.76807106928379,613.1915384688416,35.76807106928379,613.1915384688415,75.76807106928379,573.1915384688415,75.76807106928379
1,205.00212275587546,-16.10120535470287,245.00212275587546,-16.10120535470287,245.00212275587546,23.89879464529713,205.00212275587546,23.89879464529713
