class,x1,y1,x2,y2,x3,y3,x4,y4
0,768.0,77.02213016386008,448.9901602475758,0.0,283.3183778267317,0.0,768.0,117.02213016386008
2,396.0,241.0,376.0,241.0,376.0,261.0,396.0,261.0
2,699.0,436.99999999999994,679.0,436.99999999999994,679.0,456.99999999999994,699.0,456.99999999999994
2,22.000000000000057,685.0,2.000000000000057,685.0,2.000000000000057,705.0,22.000000000000057,705.0
2,166.99999999999997,164.0,146.99999999999997,164.0,146.99999999999997,184.0,166.99999999999997,184.0
2,458.0,153.0,438.0,153.0,438.0,173.0,458.0,173.0
2,665.0,406.99999999999994,645.0,406.99999999999994,645.0,427.0,665.0,426.99999999999994
2,515.0,1.0,494.99999999999994,1.0,494.99999999999994,21.0,515.0,21.0
