class,x1,y1,x2,y2,x3,y3,x4,y4
0,566.5789073740395,-5.684341886080802e-14,0.0,397.84602014312185,0.0,425.9336185316355,606.5789073740395,-5.684341886080802e-14
1,622.9022905196775,36.611449180855686,622.9022905196775,76.61144918085569,662.9022905196775,76.61144918085569,662.9022905196775,36.611449180855686
2,129.0,43.00000000000006,129.0,63.00000000000006,149.0,63.00000000000006,149.0,43.00000000000006
2,507.99999999999994,97.0,507.99999999999994,117.0,528.0,117.0,528.0,97.0
2,722.0,261.99999999999994,722.0,281.99999999999994,742.0,281.99999999999994,742.0,261.99999999999994
2,117.0,615.0,117.0,635.0,137.0,635.0,137.0,615.0
2,401.0,463.0,401.0,483.0,421.0,483.0,421.0,463.0
2,416.99999999999994,208.0,417.0,228.0,437.0,228.0,436.99999999999994,208.0
2,386.0,303.0,386.0,323.0,406.0,323.0,406.0,303.0
