class,x1,y1,x2,y2,x3,y3,x4,y4
0,177.29134164554506,-5.684341886080802e-14,5.684341886080802e-14,9.15704878949765,5.684341886080802e-14,7.091059846212374,137.29134164554506,-5.684341886080802e-14
1,714.5647405329735,168.14634511797976,714.5647405329735,208.14634511797976,674.5647405329735,208.14634511797976,674.5647405329735,168.14634511797976
1,173.65968252834804,556.2594045186373,173.65968252834804,596.2594045186373,133.65968252834804,596.2594045186372,133.65968252834804,556.2594045186372
1,660.8739873708719,670.2881445997875,660.8739873708719,710.2881445997875,620.8739873708719,710.2881445997875,620.8739873708719,670.2881445997875
