class,x1,y1,x2,y2,x3,y3,x4,y4
0,768.0,284.172730325003,129.18785635813987,768.0,182.0010964279665,768.0,768.0,324.172730325003
2,425.0,364.0,405.0,364.0,405.0,384.0,425.0,384.0
2,217.00000000000003,520.0,197.00000000000003,520.0,197.00000000000003,540.0,217.00000000000003,540.0
2,38.00000000000006,681.0,18.000000000000057,681.0,18.000000000000057,701.0,38.00000000000006,701.0
