class,x1,y1,x2,y2,x3,y3,x4,y4
0,689.7937285302241,-5.684341886080802e-14,768.0,198.35482245513788,768.0,96.90269145472547,729.7937285302241,-5.684341886080802e-14
1,643.9970929825934,639.3680244353543,643.9970929825934,679.3680244353543,683.9970929825934,679.3680244353543,683.9970929825934,639.3680244353543
1,332.6539660514036,117.85469064519458,332.6539660514036,157.85469064519458,372.6539660514036,157.85469064519458,372.6539660514036,117.85469064519458
2,257.0,214.00000000000003,257.0,234.00000000000003,277.0,234.00000000000003,277.0,214.00000000000003
