class,x1,y1,x2,y2,x3,y3,x4,y4
0,768.0,744.568549585811,699.1000344942055,768.0,581.4804005613923,768.0,768.0,704.568549585811
1,513.4297092940822,725.478686579927,473.42970929408216,725.478686579927,473.42970929408216,685.478686579927,513.4297092940822,685.478686579927
1,607.1575420862322,439.91635616436355,567.1575420862322,439.91635616436355,567.1575420862322,399.91635616436355,607.1575420862322,399.91635616436355
1,723.6989102445079,41.00174923920349,683.6989102445079,41.00174923920349,683.6989102445079,1.001749239203491,723.6989102445079,1.001749239203491
