class,x1,y1,x2,y2,x3,y3,x4,y4
0,768.0,77.02213016386014,448.99016024757583,0.0,283.31837782673176,0.0,768.0,117.02213016386014
2,396.0,241.0,376.0,241.0,376.0,261.0,396.0,261.0
2,699.0,437.0,679.0,437.0,679.0,457.0,699.0,457.0
2,22.0,685.0,2.0,685.0,2.0,705.0,22.0,705.0
2,167.0,164.0,147.0,164.0,147.0,184.0,167.0,184.0
2,458.0,153.0,438.0,153.0,438.0,173.0,458.0,173.0
2,665.0,407.0,645.0,407.0,645.0,427.0,665.0,427.0
2,515.0,1.0,495.0,1.0,495.0,21.0,515.0,21.0
