class,x1,y1,x2,y2,x3,y3,x4,y4
0,744.5685495858111,5.684341886080802e-14,768.0,68.89996550579457,768.0,186.5195994386077,704.5685495858111,5.684341886080802e-14
1,725.478686579927,254.5702907059179,725.478686579927,294.5702907059179,685.478686579927,294.5702907059179,685.478686579927,254.5702907059179
1,439.9163561643636,160.84245791376782,439.9163561643636,200.84245791376782,399.9163561643636,200.84245791376782,399.9163561643636,160.84245791376782
1,41.00174923920355,44.301089755492,41.00174923920355,84.301089755492,1.0017492392035479,84.301089755492,1.0017492392035479,44.301089755492
