class,x1,y1,x2,y2,x3,y3,x4,y4
0,0.0,177.291341645545,9.157048789497708,0.0,7.091059846212431,0.0,0.0,137.291341645545
1,168.1463451179797,714.5647405329735,208.1463451179797,714.5647405329735,208.1463451179797,674.5647405329735,168.1463451179797,674.5647405329735
1,556.2594045186373,173.65968252834807,596.2594045186373,173.65968252834807,596.2594045186373,133.65968252834807,556.2594045186373,133.65968252834807
1,670.2881445997875,660.8739873708719,710.2881445997875,660.8739873708719,710.2881445997875,620.8739873708719,670.2881445997875,620.8739873708719
