class,x1,y1,x2,y2,x3,y3,x4,y4
0,-0.0,23.431450414189072,68.89996550579453,0.0,186.51959943860766,0.0,-0.0,63.43145041418907
1,254.57029070591784,42.52131342007313,294.57029070591784,42.52131342007313,294.57029070591784,82.52131342007313,254.57029070591784,82.52131342007313
1,160.84245791376782,328.08364383563645,200.84245791376782,328.08364383563645,200.84245791376782,368.08364383563645,160.84245791376782,368.08364383563645
1,44.301089755492086,726.9982507607965,84.30108975549209,726.9982507607965,84.30108975549209,766.9982507607965,44.301089755492086,766.9982507607965
