class,x1,y1,x2,y2,x3,y3,x4,y4
0,681.6017311888984,768.0,768.0,683.4153209181729,768.0,644.254962616661,641.6017311888984,768.0
1,195.0129686641803,189.60109891633522,195.01296866418028,149.60109891633522,155.01296866418028,149.60109891633522,155.0129686641803,189.60109891633522
1,64.00440117225355,456.0675577689706,64.00440117225355,416.0675577689706,24.00440117225355,416.0675577689706,24.00440117225355,456.0675577689706
1,135.1689464435634,443.4327950633859,135.1689464435634,403.4327950633859,95.16894644356341,403.4327950633859,95.16894644356341,443.4327950633859
1,519.8152911598975,94.50768235619114,519.8152911598975,54.50768235619114,479.8152911598974,54.50768235619114,479.8152911598974,94.50768235619114
1,318.8484998206952,517.017080895568,318.84849982069517,477.01708089556803,278.84849982069517,477.01708089556803,278.8484998206952,517.017080895568
1,703.4388523680641,194.8548186073549,703.4388523680641,154.8548186073549,663.4388523680641,154.8548186073549,663.4388523680641,194.8548186073549
1,732.2319289307161,194.8084615311584,732.2319289307161,154.8084615311584,692.2319289307161,154.8084615311584,692.2319289307161,194.8084615311584
1,784.1012053547029,562.9978772441244,784.1012053547029,522.9978772441244,744.1012053547029,522.9978772441245,744.1012053547029,562.9978772441245
