class,x1,y1,x2,y2,x3,y3,x4,y4
0,78.20627146977586,0.0,0.0,198.35482245513788,0.0,96.90269145472553,38.20627146977586,0.0
1,124.00290701740664,639.3680244353544,124.00290701740664,679.3680244353544,84.00290701740664,679.3680244353544,84.00290701740664,639.3680244353544
1,435.34603394859636,117.85469064519452,435.34603394859636,157.85469064519452,395.34603394859636,157.85469064519452,395.34603394859636,117.85469064519452
2,511.0,214.0,511.0,234.0,491.0,234.0,491.0,214.0
