class,x1,y1,x2,y2,x3,y3,x4,y4
0,201.4210926259605,768.0,768.0,370.15397985687815,768.0,342.0663814683645,161.4210926259605,768.0
1,145.09770948032252,731.3885508191443,145.09770948032252,691.3885508191443,105.09770948032252,691.3885508191443,105.09770948032252,731.3885508191443
2,639.0,725.0,639.0,705.0,619.0,705.0,619.0,725.0
2,260.00000000000006,671.0,260.00000000000006,651.0,240.00000000000006,651.0,240.00000000000006,671.0
2,46.0,506.00000000000006,46.0,486.00000000000006,26.0,486.00000000000006,26.0,506.00000000000006
2,651.0,153.0,651.0,133.0,631.0,133.0,631.0,153.0
2,367.0,305.0,367.0,285.0,347.0,285.0,347.0,305.0
2,351.00000000000006,560.0,351.0,540.0,331.0,540.0,331.00000000000006,560.0
2,382.0,465.0,382.0,445.0,362.0,445.0,362.0,465.0
