class,x1,y1,x2,y2,x3,y3,x4,y4
0,78.20627146977591,-5.684341886080802e-14,5.684341886080802e-14,198.35482245513788,5.684341886080802e-14,96.90269145472547,38.20627146977591,-5.684341886080802e-14
1,124.00290701740659,639.3680244353543,124.00290701740659,679.3680244353543,84.00290701740659,679.3680244353543,84.00290701740659,639.3680244353543
1,435.3460339485964,117.85469064519458,435.3460339485964,157.85469064519458,395.3460339485964,157.85469064519458,395.3460339485964,117.85469064519458
2,511.0,214.00000000000003,511.0,234.00000000000003,491.0,234.00000000000003,491.0,214.00000000000003
