class,x1,y1,x2,y2,x3,y3,x4,y4
0,768.0,681.6017311888984,683.4153209181729,768.0,644.254962616661,768.0,768.0,641.6017311888984
1,189.60109891633525,195.0129686641803,149.60109891633525,195.0129686641803,149.60109891633525,155.0129686641803,189.60109891633525,155.0129686641803
1,456.0675577689706,64.00440117225355,416.0675577689706,64.00440117225355,416.0675577689706,24.00440117225355,456.0675577689706,24.00440117225355
1,443.4327950633859,135.1689464435634,403.4327950633859,135.1689464435634,403.4327950633859,95.16894644356341,443.4327950633859,95.16894644356341
1,94.50768235619114,519.8152911598975,54.50768235619114,519.8152911598975,54.50768235619114,479.8152911598974,94.50768235619114,479.81529115989747
1,517.017080895568,318.84849982069517,477.01708089556803,318.84849982069517,477.01708089556803,278.84849982069517,517.017080895568,278.84849982069517
1,194.85481860735487,703.4388523680641,154.85481860735487,703.4388523680641,154.85481860735487,663.4388523680641,194.85481860735487,663.4388523680641
1,194.80846153115846,732.2319289307162,154.80846153115846,732.2319289307162,154.80846153115849,692.2319289307162,194.80846153115849,692.2319289307162
1,562.9978772441245,784.1012053547029,522.9978772441245,784.1012053547029,522.9978772441245,744.1012053547029,562.9978772441245,744.1012053547029
