class,x1,y1,x2,y2,x3,y3,x4,y4
0,0.0,681.6017311888984,84.58467908182706,768.0,123.74503738333897,768.0,0.0,641.6017311888984
1,578.3989010836648,195.0129686641803,618.3989010836648,195.0129686641803,618.3989010836648,155.0129686641803,578.3989010836648,155.0129686641803
1,311.9324422310294,64.00440117225355,351.9324422310294,64.00440117225355,351.9324422310294,24.00440117225355,311.9324422310294,24.00440117225355
1,324.5672049366141,135.1689464435634,364.5672049366141,135.1689464435634,364.5672049366141,95.16894644356341,324.5672049366141,95.16894644356341
1,673.4923176438089,519.8152911598975,713.4923176438089,519.8152911598975,713.4923176438089,479.8152911598974,673.4923176438089,479.81529115989747
1,250.98291910443197,318.84849982069517,290.98291910443197,318.84849982069517,290.98291910443197,278.84849982069517,250.98291910443197,278.84849982069517
1,573.1451813926451,703.4388523680641,613.1451813926451,703.4388523680641,613.1451813926451,663.4388523680641,573.1451813926451,663.4388523680641
1,573.1915384688416,732.2319289307162,613.1915384688416,732.2319289307162,613.1915384688415,692.2319289307162,573.1915384688415,692.2319289307162
1,205.00212275587546,784.1012053547029,245.00212275587546,784.1012053547029,245.00212275587546,744.1012053547029,205.00212275587546,744.1012053547029
