class,x1,y1,x2,y2,x3,y3,x4,y4
0,690.9778698361399,768.0,768.0,448.9901602475758,768.0,283.3183778267317,650.9778698361399,768.0
2,527.0,396.0,527.0,376.0,507.0,376.0,507.0,396.0
2,331.00000000000006,699.0,331.00000000000006,679.0,311.00000000000006,679.0,311.00000000000006,699.0
2,82.99999999999994,22.0,82.99999999999994,2.0,62.99999999999994,2.0,62.99999999999994,22.0
2,604.0,167.0,604.0,147.0,584.0,147.0,584.0,167.0
2,615.0,457.99999999999994,615.0,437.99999999999994,595.0,437.99999999999994,595.0,457.99999999999994
2,361.00000000000006,665.0,361.00000000000006,645.0,341.00000000000006,645.0,341.00000000000006,665.0
2,767.0,515.0,767.0,494.99999999999994,747.0,494.99999999999994,747.0,515.0
