class,x1,y1,x2,y2,x3,y3,x4,y4
0,0.0,77.02213016386008,319.0098397524242,0.0,484.6816221732683,0.0,0.0,117.02213016386008
2,372.0,241.0,392.0,241.0,392.0,261.0,372.0,261.0
2,69.0,436.99999999999994,89.0,436.99999999999994,89.0,456.99999999999994,69.0,456.99999999999994
2,746.0,685.0,766.0,685.0,766.0,705.0,746.0,705.0
2,601.0,164.0,621.0,164.0,621.0,184.0,601.0,184.0
2,310.0,153.0,330.0,153.0,330.0,173.0,310.0,173.0
2,103.0,406.99999999999994,123.0,406.99999999999994,123.0,427.0,103.0,426.99999999999994
2,253.0,1.0,273.00000000000006,1.0,273.00000000000006,21.0,253.0,21.0
