class,x1,y1,x2,y2,x3,y3,x4,y4
0,78.20627146977591,768.0,5.684341886080802e-14,569.6451775448621,5.684341886080802e-14,671.0973085452745,38.20627146977591,768.0
1,124.00290701740659,128.6319755646457,124.00290701740659,88.6319755646457,84.00290701740659,88.6319755646457,84.00290701740659,128.6319755646457
1,435.3460339485964,650.1453093548055,435.3460339485964,610.1453093548055,395.3460339485964,610.1453093548055,395.3460339485964,650.1453093548055
2,511.0,554.0,511.0,534.0,491.0,534.0,491.0,554.0
