class,x1,y1,x2,y2,x3,y3,x4,y4
0,768.0,744.5685495858111,699.1000344942054,768.0,581.4804005613923,768.0,768.0,704.5685495858111
1,513.4297092940822,725.478686579927,473.4297092940821,725.478686579927,473.4297092940821,685.478686579927,513.4297092940822,685.478686579927
1,607.1575420862322,439.9163561643636,567.1575420862322,439.91635616436355,567.1575420862322,399.91635616436355,607.1575420862322,399.91635616436355
1,723.6989102445079,41.00174923920355,683.6989102445079,41.00174923920355,683.6989102445079,1.0017492392035479,723.6989102445079,1.0017492392035479
