class,x1,y1,x2,y2,x3,y3,x4,y4
0,681.6017311888984,768.0,768.0,683.4153209181729,768.0,644.254962616661,641.6017311888984,768.0
1,195.01296866418033,189.60109891633522,195.01296866418033,149.60109891633522,155.01296866418033,149.60109891633522,155.01296866418033,189.60109891633522
1,64.00440117225355,456.0675577689705,64.00440117225355,416.0675577689705,24.00440117225355,416.0675577689705,24.00440117225355,456.0675577689706
1,135.1689464435634,443.43279506338587,135.1689464435634,403.43279506338587,95.16894644356341,403.43279506338587,95.16894644356341,443.43279506338587
1,519.8152911598975,94.50768235619114,519.8152911598975,54.50768235619114,479.81529115989747,54.50768235619114,479.81529115989747,94.50768235619114
1,318.84849982069517,517.017080895568,318.84849982069517,477.01708089556803,278.84849982069517,477.01708089556803,278.84849982069517,517.017080895568
1,703.4388523680641,194.85481860735487,703.4388523680641,154.85481860735487,663.4388523680641,154.85481860735487,663.4388523680641,194.85481860735487
1,732.2319289307162,194.80846153115849,732.2319289307162,154.80846153115849,692.2319289307162,154.80846153115849,692.2319289307162,194.80846153115849
1,784.1012053547029,562.9978772441245,784.1012053547029,522.9978772441245,744.1012053547029,522.9978772441245,744.1012053547029,562.9978772441245
