class,x1,y1,x2,y2,x3,y3,x4,y4
0,768.0,483.82726967499696,129.1878563581398,0.0,182.00109642796644,0.0,768.0,443.82726967499696
2,425.0,404.0,405.0,404.0,405.0,384.0,425.0,384.0
2,217.0,248.0,197.0,248.0,197.0,228.0,217.0,228.0
2,38.0,87.0,18.0,87.0,18.0,67.0,38.0,67.0
