class,x1,y1,x2,y2,x3,y3,x4,y4
0,768.0,78.20627146977586,569.645177544862,0.0,671.0973085452745,0.0,768.0,38.20627146977586
1,128.6319755646456,124.00290701740664,88.63197556464559,124.00290701740664,88.63197556464559,84.00290701740664,128.6319755646456,84.00290701740664
1,650.1453093548055,435.34603394859636,610.1453093548055,435.34603394859636,610.1453093548055,395.34603394859636,650.1453093548055,395.34603394859636
2,554.0,511.0,534.0,511.0,534.0,491.0,554.0,491.0
