class,x1,y1,x2,y2,x3,y3,x4,y4
0,768.0,483.827269674997,129.18785635813987,-5.684341886080802e-14,182.0010964279665,0.0,768.0,443.827269674997
2,425.0,404.0,405.0,404.0,405.0,384.0,425.0,384.0
2,217.00000000000003,247.99999999999997,197.00000000000003,247.99999999999997,197.00000000000003,227.99999999999997,217.00000000000003,227.99999999999997
2,38.00000000000006,86.99999999999994,18.000000000000057,86.99999999999994,18.000000000000057,66.99999999999994,38.00000000000006,66.99999999999994
