class,x1,y1,x2,y2,x3,y3,x4,y4
0,284.17273032500304,0.0,768.0,638.8121436418602,768.0,585.9989035720336,324.17273032500304,0.0
2,364.0,343.0,364.0,363.0,384.0,363.0,384.0,343.0
2,520.0,551.0,520.0,571.0,540.0,571.0,540.0,551.0
2,681.0,730.0,681.0,750.0,701.0,750.0,701.0,730.0
