class,x1,y1,x2,y2,x3,y3,x4,y4
0,768.0,23.43145041418893,699.1000344942054,0.0,581.4804005613923,0.0,768.0,63.43145041418893
1,513.4297092940822,42.52131342007306,473.4297092940821,42.52131342007306,473.4297092940821,82.52131342007306,513.4297092940822,82.52131342007306
1,607.1575420862322,328.0836438356364,567.1575420862322,328.08364383563645,567.1575420862322,368.08364383563645,607.1575420862322,368.08364383563645
1,723.6989102445079,726.9982507607965,683.6989102445079,726.9982507607965,683.6989102445079,766.9982507607965,723.6989102445079,766.9982507607965
