class,x1,y1,x2,y2,x3,y3,x4,y4
0,768.0,177.29134164554506,758.8429512105024,5.684341886080802e-14,760.9089401537876,5.684341886080802e-14,768.0,137.29134164554506
1,599.8536548820202,714.5647405329735,559.8536548820202,714.5647405329735,559.8536548820202,674.5647405329735,599.8536548820202,674.5647405329735
1,211.7405954813627,173.65968252834804,171.7405954813627,173.65968252834804,171.7405954813627,133.65968252834804,211.7405954813627,133.65968252834804
1,97.71185540021241,660.8739873708719,57.711855400212414,660.8739873708719,57.711855400212414,620.8739873708719,97.71185540021241,620.8739873708719
