class,x1,y1,x2,y2,x3,y3,x4,y4
0,590.708658354455,768.0,768.0,758.8429512105023,768.0,760.9089401537876,630.708658354455,768.0
1,53.43525946702658,599.8536548820202,53.43525946702658,559.8536548820202,93.43525946702658,559.8536548820202,93.43525946702658,599.8536548820202
1,594.3403174716519,211.74059548136267,594.3403174716519,171.74059548136267,634.3403174716519,171.7405954813627,634.3403174716519,211.7405954813627
1,107.12601262912813,97.71185540021247,107.12601262912813,57.71185540021247,147.12601262912813,57.71185540021247,147.12601262912813,97.71185540021247
