class,x1,y1,x2,y2,x3,y3,x4,y4
0,86.39826881110162,0.0,0.0,84.58467908182706,0.0,123.74503738333897,126.39826881110162,0.0
1,572.9870313358197,578.3989010836648,572.9870313358197,618.3989010836648,612.9870313358197,618.3989010836648,612.9870313358197,578.3989010836648
1,703.9955988277464,311.9324422310295,703.9955988277464,351.9324422310295,743.9955988277464,351.9324422310295,743.9955988277464,311.9324422310294
1,632.8310535564366,324.56720493661413,632.8310535564366,364.56720493661413,672.8310535564366,364.56720493661413,672.8310535564366,324.56720493661413
1,248.18470884010256,673.4923176438089,248.18470884010256,713.4923176438089,288.18470884010253,713.4923176438089,288.18470884010253,673.4923176438089
1,449.15150017930483,250.98291910443197,449.15150017930483,290.98291910443197,489.15150017930483,290.98291910443197,489.15150017930483,250.98291910443197
1,64.56114763193585,573.1451813926451,64.56114763193585,613.1451813926451,104.56114763193585,613.1451813926451,104.56114763193585,573.1451813926451
1,35.76807106928379,573.1915384688415,35.76807106928379,613.1915384688415,75.76807106928379,613.1915384688415,75.76807106928379,573.1915384688415
1,-16.101205354702813,205.00212275587546,-16.101205354702813,245.00212275587546,23.898794645297187,245.00212275587546,23.898794645297187,205.00212275587546
