class,x1,y1,x2,y2,x3,y3,x4,y4
0,0.0,78.20627146977591,198.35482245513788,0.0,96.90269145472553,5.684341886080802e-14,0.0,38.20627146977591
1,639.3680244353544,124.00290701740659,679.3680244353543,124.00290701740659,679.3680244353543,84.00290701740659,639.3680244353544,84.00290701740659
1,117.85469064519452,435.3460339485964,157.85469064519452,435.3460339485964,157.85469064519452,395.3460339485964,117.85469064519452,395.3460339485964
2,214.0,511.0,234.0,511.0,234.0,491.0,214.0,491.0
