class,x1,y1,x2,y2,x3,y3,x4,y4
0,0.0,590.708658354455,9.157048789497694,768.0,7.0910598462124215,768.0,0.0,630.708658354455
1,168.1463451179797,53.4352594670266,208.1463451179797,53.4352594670266,208.1463451179797,93.4352594670266,168.1463451179797,93.4352594670266
1,556.2594045186373,594.3403174716519,596.2594045186373,594.3403174716519,596.2594045186373,634.3403174716519,556.2594045186373,634.3403174716519
1,670.2881445997875,107.1260126291281,710.2881445997875,107.1260126291281,710.2881445997875,147.1260126291281,670.2881445997875,147.1260126291281
