class,x1,y1,x2,y2,x3,y3,x4,y4
0,177.29134164554506,768.0,5.684341886080802e-14,758.8429512105024,5.684341886080802e-14,760.9089401537876,137.29134164554506,768.0
1,714.5647405329735,599.8536548820202,714.5647405329735,559.8536548820202,674.5647405329735,559.8536548820202,674.5647405329735,599.8536548820202
1,173.65968252834804,211.74059548136267,173.65968252834804,171.74059548136267,133.65968252834804,171.7405954813628,133.65968252834804,211.7405954813628
1,660.8739873708719,97.71185540021247,660.8739873708719,57.71185540021247,620.8739873708719,57.71185540021247,620.8739873708719,97.71185540021247
