class,x1,y1,x2,y2,x3,y3,x4,y4
0,768.0,590.7086583544549,758.8429512105024,768.0,760.9089401537876,768.0,768.0,630.7086583544549
1,599.8536548820202,53.435259467026526,559.8536548820202,53.435259467026526,559.8536548820202,93.43525946702653,599.8536548820202,93.43525946702653
1,211.7405954813627,594.3403174716519,171.7405954813627,594.3403174716519,171.7405954813627,634.3403174716519,211.7405954813627,634.3403174716519
1,97.71185540021241,107.12601262912813,57.711855400212414,107.12601262912813,57.711855400212414,147.12601262912813,97.71185540021241,147.12601262912813
