class,x1,y1,x2,y2,x3,y3,x4,y4
0,177.291341645545,768.0,0.0,758.8429512105023,0.0,760.9089401537876,137.291341645545,768.0
1,714.5647405329735,599.8536548820202,714.5647405329735,559.8536548820202,674.5647405329735,559.8536548820202,674.5647405329735,599.8536548820202
1,173.65968252834807,211.74059548136267,173.65968252834807,171.74059548136267,133.65968252834807,171.7405954813627,133.65968252834807,211.7405954813627
1,660.8739873708719,97.71185540021247,660.8739873708719,57.71185540021247,620.8739873708719,57.71185540021247,620.8739873708719,97.71185540021247
