class,x1,y1,x2,y2,x3,y3,x4,y4
0,768.0,201.4210926259605,370.15397985687815,768.0,342.0663814683645,768.0,768.0,161.4210926259605
1,731.3885508191443,145.0977094803225,691.3885508191443,145.0977094803225,691.3885508191443,105.09770948032252,731.3885508191443,105.09770948032252
2,725.0,639.0,705.0,639.0,705.0,619.0,725.0,619.0
2,671.0,260.0,651.0,260.0,651.0,240.00000000000003,671.0,240.00000000000003
2,506.00000000000006,46.0,486.00000000000006,46.0,486.00000000000006,26.0,506.00000000000006,26.0
2,152.99999999999997,651.0,132.99999999999997,651.0,132.99999999999997,631.0,152.99999999999997,631.0
2,305.0,367.0,285.0,367.0,285.0,347.0,305.0,347.0
2,560.0,351.0,540.0,351.0,540.0,331.0,560.0,331.0
2,465.0,382.0,445.0,382.0,445.0,362.0,465.0,362.0
