class,x1,y1,x2,y2,x3,y3,x4,y4
0,768.0,78.20627146977591,569.6451775448621,0.0,671.0973085452745,5.684341886080802e-14,768.0,38.20627146977591
1,128.63197556464561,124.00290701740659,88.63197556464564,124.00290701740659,88.63197556464564,84.00290701740659,128.63197556464561,84.00290701740659
1,650.1453093548055,435.3460339485964,610.1453093548055,435.3460339485964,610.1453093548055,395.3460339485964,650.1453093548055,395.3460339485964
2,554.0,511.0,534.0,511.0,534.0,491.0,554.0,491.0
