class,x1,y1,x2,y2,x3,y3,x4,y4
0,77.02213016386008,768.0,0.0,448.9901602475758,0.0,283.3183778267317,117.02213016386008,768.0
2,241.0,396.0,241.0,376.0,261.0,376.0,261.0,396.0
2,436.99999999999994,699.0,436.99999999999994,679.0,456.99999999999994,679.0,456.99999999999994,699.0
2,685.0,22.0,685.0,2.0,705.0,2.0,705.0,22.0
2,164.0,167.0,164.0,147.0,184.0,147.0,184.0,167.0
2,153.0,457.99999999999994,153.0,437.99999999999994,173.0,437.99999999999994,173.0,457.99999999999994
2,406.99999999999994,665.0,406.99999999999994,645.0,426.99999999999994,645.0,426.99999999999994,665.0
2,1.0,515.0,1.0,494.99999999999994,21.0,494.99999999999994,21.0,515.0
