class,x1,y1,x2,y2,x3,y3,x4,y4
0,590.708658354455,0.0,768.0,9.157048789497708,768.0,7.091059846212374,630.708658354455,0.0
1,53.43525946702658,168.14634511797976,53.43525946702658,208.14634511797976,93.43525946702658,208.14634511797976,93.43525946702658,168.14634511797976
1,594.3403174716519,556.2594045186373,594.3403174716519,596.2594045186373,634.3403174716519,596.2594045186373,634.3403174716519,556.2594045186373
1,107.12601262912813,670.2881445997875,107.12601262912813,710.2881445997875,147.12601262912813,710.2881445997875,147.12601262912813,670.2881445997875
