class,x1,y1,x2,y2,x3,y3,x4,y4
0,23.43145041418893,5.684341886080802e-14,0.0,68.89996550579457,0.0,186.5195994386077,63.43145041418893,5.684341886080802e-14
1,42.52131342007306,254.5702907059179,42.52131342007306,294.5702907059179,82.52131342007306,294.5702907059179,82.52131342007306,254.5702907059179
1,328.0836438356364,160.84245791376782,328.0836438356364,200.84245791376782,368.0836438356364,200.84245791376782,368.0836438356364,160.84245791376782
1,726.9982507607965,44.301089755492,726.9982507607965,84.301089755492,766.9982507607965,84.301089755492,766.9982507607965,44.301089755492
