class,x1,y1,x2,y2,x3,y3,x4,y4
0,681.6017311888984,5.684341886080802e-14,768.0,84.58467908182706,768.0,123.74503738333897,641.6017311888984,5.684341886080802e-14
1,195.0129686641803,578.3989010836648,195.01296866418028,618.3989010836648,155.01296866418028,618.3989010836648,155.0129686641803,578.3989010836648
1,64.00440117225355,311.9324422310294,64.00440117225355,351.9324422310294,24.00440117225355,351.9324422310294,24.00440117225355,311.9324422310294
1,135.1689464435634,324.5672049366141,135.1689464435634,364.5672049366141,95.16894644356341,364.5672049366141,95.16894644356341,324.5672049366141
1,519.8152911598975,673.4923176438089,519.8152911598975,713.4923176438089,479.8152911598974,713.4923176438089,479.8152911598974,673.4923176438089
1,318.8484998206952,250.98291910443197,318.84849982069517,290.98291910443197,278.84849982069517,290.98291910443197,278.8484998206952,250.98291910443194
1,703.4388523680641,573.1451813926451,703.4388523680641,613.1451813926451,663.4388523680641,613.1451813926451,663.4388523680641,573.1451813926451
1,732.2319289307161,573.1915384688416,732.2319289307161,613.1915384688416,692.2319289307161,613.1915384688416,692.2319289307161,573.1915384688416
1,784.1012053547029,205.00212275587555,784.1012053547029,245.00212275587555,744.1012053547029,245.00212275587552,744.1012053547029,205.00212275587552
