class,x1,y1,x2,y2,x3,y3,x4,y4
0,744.5685495858111,768.0,768.0,699.1000344942054,768.0,581.4804005613923,704.5685495858111,768.0
1,725.478686579927,513.4297092940822,725.478686579927,473.4297092940821,685.478686579927,473.4297092940821,685.478686579927,513.4297092940822
1,439.9163561643636,607.1575420862322,439.9163561643636,567.1575420862322,399.9163561643636,567.1575420862322,399.9163561643636,607.1575420862322
1,41.00174923920355,723.6989102445079,41.00174923920355,683.6989102445079,1.0017492392035479,683.6989102445079,1.0017492392035479,723.6989102445079
