class,x1,y1,x2,y2,x3,y3,x4,y4
0,284.172730325003,768.0,768.0,129.18785635813992,768.0,182.00109642796656,324.172730325003,768.0
2,364.0,425.0,364.0,405.0,384.0,405.0,384.0,425.0
2,520.0,217.0,520.0,197.0,540.0,197.0,540.0,217.0
2,681.0,38.0,681.0,18.0,701.0,18.0,701.0,38.0
