class,x1,y1,x2,y2,x3,y3,x4,y4
0,594.4000000000001,-5.684341886080802e-14,0.0,708.3783354379987,0.0,756.0484791417671,634.4000000000001,-5.684341886080802e-14
1,532.9979249381943,660.9092403765412,532.9979249381943,700.9092403765412,572.9979249381943,700.9092403765412,572.9979249381943,660.9092403765412
2,159.0,23.000000000000057,159.0,43.00000000000006,179.0,43.00000000000006,179.0,23.000000000000057
2,506.0,263.0,506.0,283.0,526.0,283.0,526.0,263.0
