class,x1,y1,x2,y2,x3,y3,x4,y4
0,-0.0,594.4000000000001,708.3783354379985,0.0,756.048479141767,0.0,-0.0,634.4000000000001
1,660.9092403765412,532.9979249381942,700.9092403765412,532.9979249381942,700.9092403765412,572.9979249381942,660.9092403765412,572.9979249381942
2,23.0,159.0,43.0,159.0,43.0,179.0,23.0,179.0
2,263.0,506.0,283.0,506.0,283.0,526.0,263.0,526.0
