class,x1,y1,x2,y2,x3,y3,x4,y4
0,768.0,173.59999999999997,59.6216645620014,768.0,11.951520858232982,768.0,768.0,133.59999999999997
1,107.09075962345878,235.0020750618058,67.09075962345878,235.0020750618058,67.09075962345878,195.0020750618058,107.09075962345878,195.0020750618058
2,745.0,609.0,725.0,609.0,725.0,589.0,745.0,589.0
2,505.0,262.0,485.0,262.0,485.0,242.0,505.0,242.00000000000003
