class,x1,y1,x2,y2,x3,y3,x4,y4
0,173.59999999999997,-5.684341886080802e-14,768.0,708.3783354379987,768.0,756.0484791417671,133.59999999999997,-5.684341886080802e-14
1,235.00207506180578,660.9092403765412,235.00207506180578,700.9092403765412,195.00207506180578,700.9092403765412,195.00207506180578,660.9092403765412
2,609.0,23.000000000000057,609.0,43.00000000000006,589.0,43.00000000000006,589.0,23.000000000000057
2,262.0,263.0,262.0,283.0,242.00000000000003,283.0,242.00000000000003,263.0
