class,x1,y1,x2,y2,x3,y3,x4,y4
0,594.4000000000001,768.0,0.0,59.621664562001456,0.0,11.951520858233039,634.4000000000001,768.0
1,532.9979249381942,107.09075962345878,532.9979249381942,67.09075962345878,572.9979249381942,67.09075962345878,572.9979249381942,107.09075962345878
2,158.99999999999997,745.0,158.99999999999997,725.0,178.99999999999997,725.0,178.99999999999997,745.0
2,506.0,505.0,506.0,485.0,526.0,485.0,526.0,505.0
