class,x1,y1,x2,y2,x3,y3,x4,y4
0,173.59999999999997,768.0,768.0,59.62166456200134,768.0,11.951520858232925,133.59999999999997,768.0
1,235.00207506180578,107.09075962345878,235.00207506180578,67.09075962345878,195.00207506180578,67.09075962345878,195.00207506180578,107.09075962345878
2,609.0,745.0,609.0,725.0,589.0,725.0,589.0,745.0
2,262.0,505.0,262.0,485.0,242.00000000000003,485.0,242.00000000000003,505.0
