class,x1,y1,x2,y2,x3,y3,x4,y4
0,0.0,173.59999999999997,708.3783354379987,768.0,756.0484791417671,768.0,0.0,133.59999999999997
1,660.9092403765412,235.0020750618058,700.9092403765412,235.0020750618058,700.9092403765412,195.0020750618058,660.9092403765412,195.0020750618058
2,23.0,609.0,43.0,609.0,43.0,589.0,23.0,589.0
2,263.0,262.0,283.0,262.0,283.0,242.0,263.0,242.00000000000003
