class,x1,y1,x2,y2,x3,y3,x4,y4
0,0.0,173.5999999999999,708.3783354379985,768.0,756.048479141767,768.0,0.0,133.5999999999999
1,660.9092403765412,235.00207506180584,700.9092403765412,235.00207506180584,700.9092403765412,195.00207506180584,660.9092403765412,195.00207506180584
2,23.0,609.0,43.0,609.0,43.0,589.0,23.0,589.0
2,263.0,262.0,283.0,262.0,283.0,242.0,263.0,242.0
