class,x1,y1,x2,y2,x3,y3,x4,y4
0,594.4000000000001,768.0,0.0,59.62166456200134,0.0,11.951520858232925,634.4000000000001,768.0
1,532.9979249381943,107.09075962345878,532.9979249381943,67.09075962345878,572.9979249381943,67.09075962345878,572.9979249381943,107.09075962345878
2,159.0,745.0,159.0,725.0,179.0,725.0,179.0,745.0
2,506.0,505.0,506.0,485.0,526.0,485.0,526.0,505.0
