class,x1,y1,x2,y2,x3,y3,x4,y4
0,594.4000000000001,0.0,0.0,708.3783354379985,0.0,756.048479141767,634.4000000000001,0.0
1,532.9979249381942,660.9092403765412,532.9979249381942,700.9092403765412,572.9979249381942,700.9092403765412,572.9979249381942,660.9092403765412
2,158.99999999999997,23.0,158.99999999999997,43.0,178.99999999999997,43.0,178.99999999999997,23.0
2,506.0,263.0,506.0,283.0,526.0,283.0,526.0,263.0
